{
  "best_accuracy": 0.742857,
  "best_trial": 73,
  "n_trials_run": 200,
  "timestamp": "20260513_005916",
  "fixed": {
    "node_feat": 64,
    "gat_hidden": 32,
    "gat_heads": 4,
    "tune_epochs": 300,
    "n_folds": 5
  },
  "params": {
    "lr": 0.0022561979410046637,
    "weight_decay": 0.00015792344841271557,
    "focal_gamma": 2.5222936827934257,
    "focal_alpha": 0.4681152873540267,
    "mixup_alpha": 0.5152355371359404,
    "mixup_prob": 0.44832071719740757,
    "cosine_t0": 12,
    "batch_size": 32
  }
}